,actual_memory_type,board_size,agent_a_tokens_per_game,agent_a_tokens_per_game,agent_a_tokens_per_game,agent_b_tokens_per_game,agent_b_tokens_per_game,agent_b_tokens_per_game,agent_a_win_token_ratio,agent_a_win_token_ratio,agent_a_win_token_ratio,agent_b_win_token_ratio,agent_b_win_token_ratio,agent_b_win_token_ratio
,,,mean,median,std,mean,median,std,mean,median,std,mean,median,std
0,graph_only,3x3,5081.266666666666,5081.266666666666,,5417.0,5417.0,,1.1808079350293235,1.1808079350293235,,0.6153467478924374,0.6153467478924374,
1,graph_only,9x9,74504.46666666666,74504.46666666666,,49851.333333333336,49851.333333333336,,0.06263606566765126,0.06263606566765126,,0.10698476804364977,0.10698476804364977,
2,vector_only,3x3,4417.6,4417.6,,4987.066666666667,4987.066666666667,,2.112761076904503,2.112761076904503,,0.13367911664839718,0.13367911664839718,
3,vector_only,9x9,62320.4,62320.4,,94084.73333333334,94084.73333333334,,0.07488184714261568,0.07488184714261568,,0.05668649040474862,0.05668649040474862,
