,actual_memory_type,board_size,agent_a_tokens_per_game,agent_a_tokens_per_game,agent_a_tokens_per_game,agent_b_tokens_per_game,agent_b_tokens_per_game,agent_b_tokens_per_game,agent_a_win_token_ratio,agent_a_win_token_ratio,agent_a_win_token_ratio,agent_b_win_token_ratio,agent_b_win_token_ratio,agent_b_win_token_ratio
,,,mean,median,std,mean,median,std,mean,median,std,mean,median,std
0,graph_only,3x3,5563.8,5563.8,,5256.2,5256.2,,1.4378662065494805,1.4378662065494805,,0.38050302499904876,0.38050302499904876,
1,graph_only,9x9,96900.66666666667,96900.66666666667,,140983.06666666668,140983.06666666668,,0.041279385762739845,0.041279385762739845,,0.04255830251008868,0.04255830251008868,
2,vector_only,3x3,5745.466666666666,5745.466666666666,,5547.866666666667,5547.866666666667,,1.16033510477826,1.16033510477826,,0.2403326203465596,0.2403326203465596,
3,vector_only,9x9,61735.86666666667,61735.86666666667,,90265.4,90265.4,,0.05399346463104105,0.05399346463104105,,0.0738562801102822,0.0738562801102822,
